{
    "densenet_train": {
        "class": [
            "not",
            "train"
        ],
        "result": {
            "acc": [
                0.55,
                0.575,
                0.75,
                0.675,
                0.7,
                0.725,
                0.725,
                0.875,
                0.85,
                0.825,
                0.9,
                0.85,
                0.925,
                0.95,
                0.9,
                0.825,
                0.8,
                0.825,
                0.825,
                0.85,
                0.8,
                0.775,
                0.825,
                0.9,
                0.85
            ],
            "loss": [
                0.9073813438415528,
                0.6660898208618165,
                0.698937737941742,
                0.6097394227981567,
                0.49807449579238894,
                0.5444058060646058,
                0.6230250120162963,
                0.4540020227432251,
                0.372297003865242,
                0.32390113472938536,
                0.18727814257144929,
                0.30124731063842775,
                0.20060025826096534,
                0.19151554703712464,
                0.19003890752792357,
                0.3662978529930115,
                0.32620824575424195,
                0.4267185807228088,
                0.3163855731487274,
                0.4654794692993164,
                0.5495654344558716,
                0.38012858629226687,
                0.3041025996208191,
                0.41518797874450686,
                0.35066221952438353
            ],
            "val_acc": [
                0.5,
                0.5,
                0.5,
                0.5,
                0.5,
                0.5,
                0.5,
                0.55,
                0.45,
                0.425,
                0.5,
                0.5,
                0.55,
                0.5,
                0.5,
                0.5,
                0.55,
                0.55,
                0.625,
                0.525,
                0.5,
                0.475,
                0.4,
                0.5,
                0.5
            ],
            "val_loss": [
                8.015119743347167,
                7.807612514495849,
                8.015119552612305,
                8.015119552612305,
                8.015119647979736,
                8.015119647979736,
                8.015119552612305,
                5.9513555526733395,
                7.339775657653808,
                7.235539817810059,
                7.998080825805664,
                7.619963645935059,
                5.9071348190307615,
                7.342704391479492,
                8.015119552612305,
                8.015119552612305,
                6.279055500030518,
                6.005049705505371,
                5.688694858551026,
                6.848818778991699,
                7.994351577758789,
                7.771422576904297,
                8.829034805297852,
                7.796554183959961,
                8.015118885040284
            ]
        }
    },
    "lenet5_all": {
        "class": [
            "not",
            "airplane",
            "bus",
            "car",
            "dog",
            "person",
            "train"
        ],
        "result": {
            "acc": [
                0.8586162243895357,
                0.8610148580553558,
                0.8633651296388282,
                0.8643065286967021,
                0.8662151170552795,
                0.8678819074245165,
                0.8685879568894277,
                0.8697518081690974,
                0.8713444478501964,
                0.8725985711183312,
                0.8738688154836765,
                0.8756291007603362,
                0.8768671041459248,
                0.878392038957969,
                0.879681627429607,
                0.8812291297861267,
                0.8824284465504345,
                0.8839308126988439,
                0.8857007716004499,
                0.8874288162524708,
                0.8887216267606524,
                0.8898532380304136,
                0.8910493305225496,
                0.8917231391193511,
                0.894270072591665
            ],
            "loss": [
                0.3563261078343793,
                0.34068412074736354,
                0.33323370262491836,
                0.3282261262981466,
                0.32342179512671443,
                0.3190753757503021,
                0.3161073258663977,
                0.31248027360801683,
                0.30814993294940274,
                0.3048362601347082,
                0.3010239074437669,
                0.2966988441078442,
                0.29316648474419943,
                0.2895327949037791,
                0.28619529289435347,
                0.28189204142561286,
                0.27825838971798733,
                0.274836942319129,
                0.27072295280697733,
                0.2669898582625057,
                0.26354957600977613,
                0.2607072421923646,
                0.2586860535231487,
                0.2562522615563401,
                0.2517897198647809
            ],
            "val_acc": [
                0.8682376210632193,
                0.8653903001362515,
                0.8744231901217981,
                0.8715758664091838,
                0.8711831346410247,
                0.8763868586304262,
                0.8757977611420491,
                0.8765832370908809,
                0.8732449938341514,
                0.8734413593495425,
                0.8731468070823303,
                0.8759941282141249,
                0.8736377219154253,
                0.875110480588736,
                0.8759941315323216,
                0.8702013019433955,
                0.873735909978139,
                0.8688267279326711,
                0.873343176120745,
                0.8702994853360546,
                0.8666666902217668,
                0.866764869435956,
                0.863132077025384,
                0.8702994911531402,
                0.8671576074308546
            ],
            "val_loss": [
                0.3467871427331184,
                0.3356727528408221,
                0.3137235282213008,
                0.32251211191780377,
                0.3154589329183716,
                0.3068862380031048,
                0.3219195368158858,
                0.3083802568748645,
                0.3203431983379154,
                0.3248041105639074,
                0.3265729932236098,
                0.3153655567734512,
                0.3205399099903828,
                0.3239127615268288,
                0.3199919678910901,
                0.3316173991182006,
                0.32798839807510377,
                0.33730513783254984,
                0.334768020901893,
                0.33398659073610076,
                0.3397872197259333,
                0.35855368678922095,
                0.35667753786975165,
                0.3460096875621691,
                0.35425133193071767
            ]
        }
    },
    "lenet5_person": {
        "class": [
            "not",
            "person"
        ],
        "result": {
            "acc": [
                0.6036,
                0.63905,
                0.65475,
                0.65975,
                0.65895,
                0.6657,
                0.67255,
                0.6718,
                0.679,
                0.6818,
                0.69085,
                0.69465,
                0.6925,
                0.7011,
                0.7054,
                0.70925,
                0.71645,
                0.7261,
                0.73015,
                0.7393,
                0.74665,
                0.755,
                0.7648,
                0.7747,
                0.77945
            ],